{"train_eta": {"0.0": {"avg_0s": 1.286538264694741e-06, "avg_js": 0.0010984907113587323}, "0.01": {"avg_0s": 1.6510998183142627e-06, "avg_js": 0.0011634577878331582}, "0.1": {"avg_0s": 1.4855047277709155e-06, "avg_js": 0.001019422069150536}, "0.5": {"avg_0s": 1.0737056298483484e-06, "avg_js": 0.0008061154531709245}, "0.9": {"avg_0s": 9.673960184855928e-06, "avg_js": 0.0008594171086589196}, "0.99": {"avg_0s": 7.359808487077719e-05, "avg_js": 0.0011357498467213234}, "1.0": {"avg_0s": 0.0001696168148797853, "avg_js": 0.0009735388748754138}}}