{"train_eta": {"0.0": {"avg_0s": 1.3836839606034496e-06, "avg_js": 0.0015042517805377944}, "0.01": {"avg_0s": 8.321372750117972e-07, "avg_js": 0.001021152851853987}, "0.1": {"avg_0s": 8.702664502378441e-07, "avg_js": 0.0010196928435729819}, "0.5": {"avg_0s": 2.506845560182523e-06, "avg_js": 0.001115491053931312}, "0.9": {"avg_0s": 1.0490571880843775e-05, "avg_js": 0.0008490606512208341}, "0.99": {"avg_0s": 0.0001325026134890907, "avg_js": 0.000868080238690196}, "1.0": {"avg_0s": 0.00029402118196100805, "avg_js": 0.0009822655688482647}}}