{"train_eta": {"0.0": {"avg_0s": 1.3348322241709835e-06, "avg_js": 0.0033064467531192824}, "0.01": {"avg_0s": 2.138873279999842e-06, "avg_js": 0.004200088611744412}, "0.1": {"avg_0s": 1.3956579803764016e-06, "avg_js": 0.0011421839031225192}, "0.5": {"avg_0s": 1.930185385680207e-06, "avg_js": 0.0012176894565638044}, "0.9": {"avg_0s": 1.4964022935945057e-05, "avg_js": 0.001149150342319895}, "0.99": {"avg_0s": 9.429677550696982e-05, "avg_js": 0.001149339435657277}, "1.0": {"avg_0s": 0.0001495649183478268, "avg_js": 0.0011217327006002448}}}