{"train_eta": {"0.0": {"avg_0s": 1.3956335984454277e-06, "avg_js": 0.0017975194934514687}, "0.01": {"avg_0s": 1.2327634459740658e-06, "avg_js": 0.001673206117506468}, "0.1": {"avg_0s": 1.7369215865312942e-06, "avg_js": 0.001496112522087364}, "0.5": {"avg_0s": 2.5408890237071143e-06, "avg_js": 0.0014783964883866836}, "0.9": {"avg_0s": 1.3388019754585954e-05, "avg_js": 0.001013882907651066}, "0.99": {"avg_0s": 3.332372602059224e-05, "avg_js": 0.0008600971667624028}, "1.0": {"avg_0s": 7.289526696324497e-05, "avg_js": 0.0008434034691824002}}}