{"train_eta": {"0.0": {"avg_0s": 4.3697780183585674e-06, "avg_js": 0.011930809818418913}, "0.01": {"avg_0s": 1.442681518748688e-06, "avg_js": 0.0018731955473867304}, "0.1": {"avg_0s": 2.5897201467220807e-06, "avg_js": 0.0018431632816168608}, "0.5": {"avg_0s": 3.237343385180986e-06, "avg_js": 0.001809669263189648}, "0.9": {"avg_0s": 6.9205075350163375e-06, "avg_js": 0.0010834909297357399}, "0.99": {"avg_0s": 0.00011302186952276218, "avg_js": 0.0010727966413277387}, "1.0": {"avg_0s": 0.0002081860404392241, "avg_js": 0.0010472338459685648}}}